n,trial,seed,epsilon,runtime_seconds,result
10,0,100000,0.1,0.00041250000504078344,2758
10,1,100001,0.1,0.00039590000233147293,2634
10,2,100002,0.1,0.000371000001905486,2376
10,3,100003,0.1,0.0004132000030949712,3223
10,4,100004,0.1,0.0002271999983349815,2001
10,5,100005,0.1,0.0002808999997796491,2372
10,6,100006,0.1,0.00031149999995250255,2763
10,7,100007,0.1,0.00045870000030845404,2578
10,8,100008,0.1,0.00026500000240048394,2785
10,9,100009,0.1,0.0003269000008003786,2514
10,10,100010,0.1,0.0004188999955658801,2851
10,12,100012,0.1,0.0002762000003713183,2497
10,11,100011,0.1,0.0005039000025135465,2629
10,13,100013,0.1,0.00029240000003483146,2532
10,15,100015,0.1,0.00037480000173673034,2298
10,14,100014,0.1,0.0004628000024240464,2740
10,16,100016,0.1,0.0002928000030806288,3451
10,17,100017,0.1,0.00047760000597918406,2807
10,18,100018,0.1,0.0003378999972483143,3337
10,20,100020,0.1,0.000301799998851493,1868
10,19,100019,0.1,0.00038189999759197235,2971
10,21,100021,0.1,0.00031149999995250255,1740
10,22,100022,0.1,0.0004082000014022924,3440
10,23,100023,0.1,0.0003209999995306134,2590
10,25,100025,0.1,0.0003253999966545962,2019
10,24,100024,0.1,0.00047420000191777945,2401
10,26,100026,0.1,0.00044860000343760476,1910
10,27,100027,0.1,0.00041880000208038837,2165
10,28,100028,0.1,0.00033229999826289713,2386
10,29,100029,0.1,0.00030399999377550557,1804
20,1,200001,0.1,0.005310800006554928,5491
20,0,200000,0.1,0.005810199996631127,5260
20,2,200002,0.1,0.005848200002219528,5909
20,3,200003,0.1,0.00607079999463167,5265
20,4,200004,0.1,0.006281599999056198,4731
20,5,200005,0.1,0.005708300006517675,6021
20,6,200006,0.1,0.006020700006047264,5026
20,7,200007,0.1,0.004942400002619252,4364
20,8,200008,0.1,0.005945800003246404,4954
20,9,200009,0.1,0.005419900000561029,5360
20,10,200010,0.1,0.005630899999232497,5267
20,11,200011,0.1,0.005616499998723157,5048
20,12,200012,0.1,0.0058649999991757795,5343
20,13,200013,0.1,0.005085299999336712,4438
20,14,200014,0.1,0.00620129999879282,4728
20,15,200015,0.1,0.00567830000363756,4563
20,16,200016,0.1,0.0063698000012664124,5470
20,17,200017,0.1,0.0058147000017925166,5134
20,18,200018,0.1,0.0059923999942839146,4746
20,21,200021,0.1,0.005620999996608589,5136
20,19,200019,0.1,0.008742199999687728,6321
20,24,200024,0.1,0.005227200002991594,5376
20,23,200023,0.1,0.005953499996394385,4754
20,22,200022,0.1,0.007508299997425638,5517
20,20,200020,0.1,0.008924299996579066,4613
20,26,200026,0.1,0.00575340000068536,4680
20,25,200025,0.1,0.007685700002184603,4138
20,27,200027,0.1,0.005672699997376185,4894
20,28,200028,0.1,0.0056031999993138015,5200
20,29,200029,0.1,0.00862589999451302,4720
50,1,500001,0.1,0.07089059999998426,11369
50,2,500002,0.1,0.06923890000325628,11450
50,5,500005,0.1,0.07008539999515051,15472
50,4,500004,0.1,0.07781070000055479,12732
50,0,500000,0.1,0.08514899999863701,11413
50,6,500006,0.1,0.07881990000169026,11109
50,7,500007,0.1,0.085776399995666,12084
50,3,500003,0.1,0.08978119999665068,13454
50,9,500009,0.1,0.0714771999992081,10950
50,8,500008,0.1,0.07488249999732943,10627
50,10,500010,0.1,0.07224380000116071,11549
50,11,500011,0.1,0.0771489000035217,12795
50,12,500012,0.1,0.08049290000053588,11769
50,13,500013,0.1,0.08040009999967879,11371
50,14,500014,0.1,0.07356219999928726,11471
50,15,500015,0.1,0.07896849999815458,13006
50,16,500016,0.1,0.06840029999875696,13188
50,18,500018,0.1,0.07360580000386108,13496
50,17,500017,0.1,0.07576930000504944,13866
50,19,500019,0.1,0.071733700002369,12183
50,22,500022,0.1,0.07213839999894844,11965
50,20,500020,0.1,0.07859569999709493,11659
50,21,500021,0.1,0.07986800000071526,12889
50,23,500023,0.1,0.07685730000230251,12504
50,24,500024,0.1,0.07126409999909811,13378
50,26,500026,0.1,0.07193890000053216,10648
50,25,500025,0.1,0.07327349999832222,13205
50,27,500027,0.1,0.07500189999700524,11627
50,28,500028,0.1,0.07602649999898858,13328
50,29,500029,0.1,0.0801221000001533,13035
100,1,1000001,0.1,0.35601560000213794,24655
100,0,1000000,0.1,0.3689837999991141,23768
100,3,1000003,0.1,0.35454849999950966,24824
100,4,1000004,0.1,0.3668284000013955,22953
100,7,1000007,0.1,0.3470498999959091,22597
100,2,1000002,0.1,0.3893177999998443,26226
100,5,1000005,0.1,0.377174000001105,25343
100,6,1000006,0.1,0.37266010000166716,25622
100,9,1000009,0.1,0.3688356999991811,24469
100,8,1000008,0.1,0.3972302000038326,27227
100,11,1000011,0.1,0.36190129999886267,22803
100,10,1000010,0.1,0.38175170000613434,26035
100,12,1000012,0.1,0.37892529999953695,24675
100,13,1000013,0.1,0.39343820000067353,26974
100,14,1000014,0.1,0.3854898999998113,25809
100,15,1000015,0.1,0.405460400004813,26272
100,16,1000016,0.1,0.41852550000476185,25583
100,17,1000017,0.1,0.5138086000006297,28131
100,19,1000019,0.1,0.5038816000014776,26862
100,20,1000020,0.1,0.4906020000053104,25000
100,18,1000018,0.1,0.5183242999992217,27982
100,21,1000021,0.1,0.5014496000003419,25066
100,23,1000023,0.1,0.4753631999992649,27322
100,22,1000022,0.1,0.5222068000002764,25382
100,24,1000024,0.1,0.39055070000176784,22961
100,25,1000025,0.1,0.37630179999541724,25132
100,27,1000027,0.1,0.3823107999996864,26194
100,29,1000029,0.1,0.37685570000030566,25321
100,26,1000026,0.1,0.41853550000087125,26722
100,28,1000028,0.1,0.42519000000174856,25546
200,0,2000000,0.1,1.6982261000011931,51057
200,2,2000002,0.1,1.6563488000028883,50559
200,1,2000001,0.1,1.8641680000000633,52446
200,4,2000004,0.1,1.662298200004443,52015
200,7,2000007,0.1,1.6504053999960888,48389
200,6,2000006,0.1,1.6974051999932271,51861
200,5,2000005,0.1,1.7327444000038668,49482
200,3,2000003,0.1,1.910112300000037,50813
200,8,2000008,0.1,1.7249405999973533,49871
200,9,2000009,0.1,1.7417808000027435,49603
200,10,2000010,0.1,1.7495329000012134,52734
200,12,2000012,0.1,1.699001099994348,46610
200,11,2000011,0.1,1.8825158999970881,49127
200,13,2000013,0.1,1.9332142999992357,51125
200,14,2000014,0.1,1.9123908999972627,50166
200,15,2000015,0.1,1.8691940999997314,50656
200,16,2000016,0.1,1.9168378000031225,49529
200,18,2000018,0.1,1.905393200002436,50292
200,17,2000017,0.1,1.9337613000025158,51677
200,19,2000019,0.1,1.829397900000913,47401
200,20,2000020,0.1,1.7208270999981323,46818
200,21,2000021,0.1,1.6822991999943042,46357
200,23,2000023,0.1,1.6391868999999133,47323
200,22,2000022,0.1,1.9464355999953113,53336
200,24,2000024,0.1,1.7410359999994398,48902
200,25,2000025,0.1,1.7089993999979924,47925
200,26,2000026,0.1,1.7059497999944142,49496
200,28,2000028,0.1,1.6896603999994113,47700
200,27,2000027,0.1,1.7610597999955644,51069
200,29,2000029,0.1,1.8026394999978947,52022
500,0,5000000,0.1,12.564807300004759,124386
500,1,5000001,0.1,12.986636699999508,126036
500,4,5000004,0.1,12.315601500005869,123379
500,2,5000002,0.1,12.56930110000394,127242
500,3,5000003,0.1,12.40916859999561,124383
500,5,5000005,0.1,12.624859099996684,126773
500,6,5000006,0.1,12.855559700001322,125501
500,7,5000007,0.1,13.182098900004348,128378
500,8,5000008,0.1,12.758625100002973,128207
500,12,5000012,0.1,12.018778400000883,122496
500,9,5000009,0.1,12.752931700000772,123151
500,10,5000010,0.1,12.470854799998051,125698
500,13,5000013,0.1,12.188507100006973,118076
500,11,5000011,0.1,12.562344900004973,123874
500,14,5000014,0.1,12.458495299993956,120751
500,15,5000015,0.1,12.525341799999296,123953
500,16,5000016,0.1,14.607533700000204,129191
500,17,5000017,0.1,14.18985370000155,123218
500,18,5000018,0.1,14.289194099997985,125512
500,20,5000020,0.1,14.161080099998799,124430
500,21,5000021,0.1,14.41353440000239,128017
500,22,5000022,0.1,13.976508799998555,125112
500,19,5000019,0.1,14.64381339999818,127140
500,23,5000023,0.1,14.40535049999744,126429
500,26,5000026,0.1,14.299925700004678,123437
500,24,5000024,0.1,15.12915570000041,124466
500,25,5000025,0.1,15.323070799997367,130884
500,27,5000027,0.1,15.242505399997754,120190
500,28,5000028,0.1,15.268228000000818,124216
500,29,5000029,0.1,15.913031399999454,123986
1000,0,10000000,0.1,64.99177559999953,245659
1000,1,10000001,0.1,67.51070869999967,247131
1000,4,10000004,0.1,67.8342671000064,243100
1000,2,10000002,0.1,70.90100320000056,248709
1000,5,10000005,0.1,69.90640110000095,246872
1000,3,10000003,0.1,72.01597700000275,259079
1000,6,10000006,0.1,71.27311180000106,252276
1000,7,10000007,0.1,70.91320450000057,246350
1000,8,10000008,0.1,79.71280829999887,257645
1000,9,10000009,0.1,78.6850523999965,247952
1000,10,10000010,0.1,80.49669050000375,253774
1000,13,10000013,0.1,79.35611359999893,245548
1000,12,10000012,0.1,80.82224780000251,250307
1000,15,10000015,0.1,79.6043365000005,255054
1000,14,10000014,0.1,80.15651570000045,248542
1000,11,10000011,0.1,82.52378480000334,257802
1000,16,10000016,0.1,78.40635580000526,250755
1000,17,10000017,0.1,76.13377919999766,251373
1000,18,10000018,0.1,76.64445379999961,252361
1000,19,10000019,0.1,78.98129669999616,252436
1000,23,10000023,0.1,77.4478128999981,249779
1000,20,10000020,0.1,78.96386579999671,255876
1000,21,10000021,0.1,78.55133470000146,254995
1000,22,10000022,0.1,78.63872499999707,249327
1000,24,10000024,0.1,75.07359189999988,243994
1000,25,10000025,0.1,79.39850080000178,249803
1000,26,10000026,0.1,73.18043169999873,243433
1000,28,10000028,0.1,71.7834720000028,252771
1000,27,10000027,0.1,72.46137850000378,253525
1000,29,10000029,0.1,73.15548880000279,240706
2000,0,20000000,0.1,312.83613360000163,490986
2000,1,20000001,0.1,314.5718179999967,502661
2000,2,20000002,0.1,315.6074645999979,505484
2000,3,20000003,0.1,314.43675169999915,502435
2000,4,20000004,0.1,309.6859753000026,494249
2000,6,20000006,0.1,313.6823068999947,504324
2000,5,20000005,0.1,314.4964844999995,497022
2000,7,20000007,0.1,317.32417500000156,503089
2000,9,20000009,0.1,314.73979130000225,488321
2000,8,20000008,0.1,320.06965630000195,491445
2000,10,20000010,0.1,324.2311031999998,507514
2000,12,20000012,0.1,315.99515259999316,495099
2000,11,20000011,0.1,327.82915520000097,504622
2000,13,20000013,0.1,314.8810297000018,499054
2000,14,20000014,0.1,324.72046430000046,502410
2000,15,20000015,0.1,323.3941010999988,506241
2000,16,20000016,0.1,311.4672537000006,498881
2000,17,20000017,0.1,317.0508095999976,506083
2000,18,20000018,0.1,306.493369900003,494724
2000,19,20000019,0.1,309.15563040000416,502306
2000,20,20000020,0.1,304.5323103999981,502773
2000,21,20000021,0.1,306.91981069999747,501334
2000,22,20000022,0.1,305.43099280000024,502679
2000,23,20000023,0.1,315.2339931000024,499545
2000,24,20000024,0.1,308.8410178999984,495768
2000,25,20000025,0.1,317.8484864999991,500464
2000,28,20000028,0.1,309.4233869999953,493066
2000,27,20000027,0.1,316.6384109999999,511873
2000,26,20000026,0.1,323.45659980000346,492474
2000,29,20000029,0.1,317.71061960000225,511751
5000,1,50000001,0.1,1987.4235584999988,1251804
5000,0,50000000,0.1,2000.6168130000005,1262945
5000,2,50000002,0.1,1990.8381827999983,1262561
5000,3,50000003,0.1,2009.2899029000037,1268194
5000,4,50000004,0.1,1965.884994699998,1258355
5000,5,50000005,0.1,1970.1370432999975,1263824
5000,6,50000006,0.1,1979.3672904999985,1247895
5000,7,50000007,0.1,1981.7860857999985,1253930
5000,9,50000009,0.1,2131.8173012000043,1243850
5000,8,50000008,0.1,2150.8111463000023,1257800
5000,10,50000010,0.1,2137.0904525000005,1256409
5000,11,50000011,0.1,2125.1403032000017,1256578
5000,12,50000012,0.1,2124.3352475000065,1247419
5000,13,50000013,0.1,2119.790109900001,1236500
5000,15,50000015,0.1,2121.6124630999984,1242612
5000,14,50000014,0.1,2146.4340467,1240048
5000,16,50000016,0.1,1941.699463799996,1256801
5000,17,50000017,0.1,1938.187334400005,1270334
5000,18,50000018,0.1,1909.8342558000004,1245850
5000,19,50000019,0.1,1929.5940357999934,1238705
5000,22,50000022,0.1,1909.340226399996,1244330
5000,21,50000021,0.1,1933.8607668999975,1250919
5000,20,50000020,0.1,1969.1832320999965,1270626
5000,23,50000023,0.1,1929.0739667000016,1236563
5000,25,50000025,0.1,2144.5676458000016,1245994
5000,24,50000024,0.1,2161.9994044999985,1254339
5000,26,50000026,0.1,2234.3315061999965,1276843
5000,27,50000027,0.1,2198.988670700004,1232335
5000,28,50000028,0.1,2196.886518200001,1243137
5000,29,50000029,0.1,2199.8654042999988,1243526
10000,0,100000000,0.1,9239.333902699997,2495973
10000,1,100000001,0.1,9303.056064600001,2499169
10000,3,100000003,0.1,9088.218827799996,2493483
10000,2,100000002,0.1,9110.520814299998,2504657
10000,5,100000005,0.1,11741.0511348,2506881
10000,4,100000004,0.1,11793.799023799998,2507134
10000,7,100000007,0.1,11793.088259000004,2480019
10000,6,100000006,0.1,11855.556694800005,2519997
10000,8,100000008,0.1,11373.0451293,2478082
10000,9,100000009,0.1,11540.9747422,2525449
10000,10,100000010,0.1,11873.970385600005,2485938
10000,11,100000011,0.1,11904.0320201,2497820
10000,12,100000012,0.1,9204.183220699997,2502010
10000,14,100000014,0.1,9180.0291325,2495331
10000,13,100000013,0.1,9230.397843899998,2505159
10000,15,100000015,0.1,9193.534905699998,2513169
10000,16,100000016,0.1,8489.025589799996,2481633
10000,17,100000017,0.1,8474.596566099994,2518063
10000,19,100000019,0.1,7731.466166400001,2473940
10000,18,100000018,0.1,7784.421828399994,2491907
10000,21,100000021,0.1,7666.37573259999,2493469
10000,22,100000022,0.1,7671.733163600002,2495316
10000,20,100000020,0.1,7774.691711499996,2540785
10000,23,100000023,0.1,7687.842485899993,2502202
10000,24,100000024,0.1,5946.4329763999995,2496553
10000,25,100000025,0.1,5911.184018200001,2492304
10000,26,100000026,0.1,5559.036328300004,2480844
10000,27,100000027,0.1,5596.165755900001,2499625
10000,28,100000028,0.1,5518.654879499998,2510367
10000,29,100000029,0.1,5522.482006699996,2506547
