n,trial,seed,epsilon,exact_sum,approx_sum,ratio,bound_lower,bound_satisfied,feasible
10,0,1100000,0.5,2942,2850,0.9687287559483345,0.6666666666666666,1,1
10,0,1100000,0.1,2942,2935,0.9976206662134602,0.9090909090909091,1,1
10,0,1100000,0.01,2942,2942,1.0,0.9900990099009901,1,1
10,0,1100000,0.001,2942,2942,1.0,0.9990009990009991,1,1
10,1,1100001,0.5,2203,2203,1.0,0.6666666666666666,1,1
10,1,1100001,0.1,2203,2197,0.9972764412165229,0.9090909090909091,1,1
10,1,1100001,0.01,2203,2203,1.0,0.9900990099009901,1,1
10,1,1100001,0.001,2203,2203,1.0,0.9990009990009991,1,1
10,2,1100002,0.5,3050,2942,0.9645901639344262,0.6666666666666666,1,1
10,2,1100002,0.1,3050,3050,1.0,0.9090909090909091,1,1
10,2,1100002,0.01,3050,3050,1.0,0.9900990099009901,1,1
10,2,1100002,0.001,3050,3050,1.0,0.9990009990009991,1,1
10,4,1100004,0.5,2910,2868,0.9855670103092784,0.6666666666666666,1,1
10,4,1100004,0.1,2910,2902,0.9972508591065292,0.9090909090909091,1,1
10,4,1100004,0.01,2910,2909,0.9996563573883162,0.9900990099009901,1,1
10,4,1100004,0.001,2910,2910,1.0,0.9990009990009991,1,1
10,3,1100003,0.5,3000,2972,0.9906666666666667,0.6666666666666666,1,1
10,3,1100003,0.1,3000,2989,0.9963333333333333,0.9090909090909091,1,1
10,3,1100003,0.01,3000,3000,1.0,0.9900990099009901,1,1
10,3,1100003,0.001,3000,3000,1.0,0.9990009990009991,1,1
10,5,1100005,0.5,2642,2566,0.9712339137017411,0.6666666666666666,1,1
10,5,1100005,0.1,2642,2639,0.9988644965934897,0.9090909090909091,1,1
10,5,1100005,0.01,2642,2642,1.0,0.9900990099009901,1,1
10,5,1100005,0.001,2642,2642,1.0,0.9990009990009991,1,1
10,6,1100006,0.5,2802,2750,0.9814418272662384,0.6666666666666666,1,1
10,6,1100006,0.1,2802,2794,0.9971448965024983,0.9090909090909091,1,1
10,6,1100006,0.01,2802,2801,0.9996431120628123,0.9900990099009901,1,1
10,6,1100006,0.001,2802,2802,1.0,0.9990009990009991,1,1
10,7,1100007,0.5,3538,3535,0.999152063312606,0.6666666666666666,1,1
10,7,1100007,0.1,3538,3534,0.9988694177501414,0.9090909090909091,1,1
10,7,1100007,0.01,3538,3537,0.9997173544375353,0.9900990099009901,1,1
10,7,1100007,0.001,3538,3538,1.0,0.9990009990009991,1,1
10,8,1100008,0.5,2867,2824,0.9850017439832578,0.6666666666666666,1,1
10,8,1100008,0.1,2867,2866,0.9996512033484478,0.9090909090909091,1,1
10,8,1100008,0.01,2867,2866,0.9996512033484478,0.9900990099009901,1,1
10,8,1100008,0.001,2867,2867,1.0,0.9990009990009991,1,1
10,9,1100009,0.5,2516,2497,0.9924483306836248,0.6666666666666666,1,1
10,9,1100009,0.1,2516,2516,1.0,0.9090909090909091,1,1
10,9,1100009,0.01,2516,2516,1.0,0.9900990099009901,1,1
10,9,1100009,0.001,2516,2516,1.0,0.9990009990009991,1,1
10,10,1100010,0.5,3291,3204,0.9735642661804923,0.6666666666666666,1,1
10,10,1100010,0.1,3291,3283,0.9975691279246429,0.9090909090909091,1,1
10,10,1100010,0.01,3291,3291,1.0,0.9900990099009901,1,1
10,10,1100010,0.001,3291,3291,1.0,0.9990009990009991,1,1
10,11,1100011,0.5,2788,2759,0.9895982783357246,0.6666666666666666,1,1
10,11,1100011,0.1,2788,2787,0.9996413199426112,0.9090909090909091,1,1
10,11,1100011,0.01,2788,2787,0.9996413199426112,0.9900990099009901,1,1
10,11,1100011,0.001,2788,2788,1.0,0.9990009990009991,1,1
10,12,1100012,0.5,2338,2278,0.9743370402053037,0.6666666666666666,1,1
10,12,1100012,0.1,2338,2334,0.998289136013687,0.9090909090909091,1,1
10,12,1100012,0.01,2338,2337,0.9995722840034217,0.9900990099009901,1,1
10,12,1100012,0.001,2338,2338,1.0,0.9990009990009991,1,1
10,13,1100013,0.5,3319,3219,0.9698704429044893,0.6666666666666666,1,1
10,13,1100013,0.1,3319,3299,0.9939740885808979,0.9090909090909091,1,1
10,13,1100013,0.01,3319,3319,1.0,0.9900990099009901,1,1
10,13,1100013,0.001,3319,3319,1.0,0.9990009990009991,1,1
10,15,1100015,0.5,2265,2225,0.9823399558498896,0.6666666666666666,1,1
10,15,1100015,0.1,2265,2260,0.9977924944812362,0.9090909090909091,1,1
10,15,1100015,0.01,2265,2265,1.0,0.9900990099009901,1,1
10,15,1100015,0.001,2265,2265,1.0,0.9990009990009991,1,1
10,14,1100014,0.5,2538,2434,0.959022852639874,0.6666666666666666,1,1
10,14,1100014,0.1,2538,2538,1.0,0.9090909090909091,1,1
10,14,1100014,0.01,2538,2538,1.0,0.9900990099009901,1,1
10,14,1100014,0.001,2538,2538,1.0,0.9990009990009991,1,1
10,16,1100016,0.5,2302,2295,0.9969591659426585,0.6666666666666666,1,1
10,16,1100016,0.1,2302,2297,0.9978279756733276,0.9090909090909091,1,1
10,16,1100016,0.01,2302,2301,0.9995655951346655,0.9900990099009901,1,1
10,16,1100016,0.001,2302,2302,1.0,0.9990009990009991,1,1
10,17,1100017,0.5,2844,2825,0.9933192686357243,0.6666666666666666,1,1
10,17,1100017,0.1,2844,2832,0.9957805907172996,0.9090909090909091,1,1
10,17,1100017,0.01,2844,2844,1.0,0.9900990099009901,1,1
10,17,1100017,0.001,2844,2844,1.0,0.9990009990009991,1,1
10,18,1100018,0.5,2731,2687,0.9838886854632003,0.6666666666666666,1,1
10,18,1100018,0.1,2731,2722,0.9967045038447455,0.9090909090909091,1,1
10,18,1100018,0.01,2731,2730,0.9996338337605273,0.9900990099009901,1,1
10,18,1100018,0.001,2731,2731,1.0,0.9990009990009991,1,1
10,19,1100019,0.5,2589,2563,0.9899575125531093,0.6666666666666666,1,1
10,19,1100019,0.1,2589,2580,0.996523754345307,0.9090909090909091,1,1
10,19,1100019,0.01,2589,2588,0.9996137504828119,0.9900990099009901,1,1
10,19,1100019,0.001,2589,2589,1.0,0.9990009990009991,1,1
10,20,1100020,0.5,2080,2039,0.9802884615384615,0.6666666666666666,1,1
10,20,1100020,0.1,2080,2078,0.9990384615384615,0.9090909090909091,1,1
10,20,1100020,0.01,2080,2080,1.0,0.9900990099009901,1,1
10,20,1100020,0.001,2080,2080,1.0,0.9990009990009991,1,1
10,22,1100022,0.5,2462,2413,0.9800974817221771,0.6666666666666666,1,1
10,22,1100022,0.1,2462,2459,0.9987814784727863,0.9090909090909091,1,1
10,22,1100022,0.01,2462,2462,1.0,0.9900990099009901,1,1
10,22,1100022,0.001,2462,2462,1.0,0.9990009990009991,1,1
10,21,1100021,0.5,2544,2529,0.9941037735849056,0.6666666666666666,1,1
10,21,1100021,0.1,2544,2524,0.9921383647798742,0.9090909090909091,1,1
10,21,1100021,0.01,2544,2543,0.9996069182389937,0.9900990099009901,1,1
10,21,1100021,0.001,2544,2544,1.0,0.9990009990009991,1,1
10,23,1100023,0.5,2311,2279,0.9861531804413673,0.6666666666666666,1,1
10,23,1100023,0.1,2311,2308,0.9987018606663782,0.9090909090909091,1,1
10,23,1100023,0.01,2311,2311,1.0,0.9900990099009901,1,1
10,23,1100023,0.001,2311,2311,1.0,0.9990009990009991,1,1
10,24,1100024,0.5,2169,2136,0.9847856154910097,0.6666666666666666,1,1
10,24,1100024,0.1,2169,2150,0.9912402028584602,0.9090909090909091,1,1
10,24,1100024,0.01,2169,2169,1.0,0.9900990099009901,1,1
10,24,1100024,0.001,2169,2169,1.0,0.9990009990009991,1,1
10,26,1100026,0.5,3259,3207,0.9840441853329243,0.6666666666666666,1,1
10,26,1100026,0.1,3259,3249,0.9969315741024855,0.9090909090909091,1,1
10,26,1100026,0.01,3259,3259,1.0,0.9900990099009901,1,1
10,26,1100026,0.001,3259,3259,1.0,0.9990009990009991,1,1
10,25,1100025,0.5,1974,1963,0.9944275582573455,0.6666666666666666,1,1
10,25,1100025,0.1,1974,1973,0.9994934143870314,0.9090909090909091,1,1
10,25,1100025,0.01,1974,1974,1.0,0.9900990099009901,1,1
10,25,1100025,0.001,1974,1974,1.0,0.9990009990009991,1,1
10,29,1100029,0.5,2207,2170,0.983235160851835,0.6666666666666666,1,1
10,29,1100029,0.1,2207,2203,0.9981875849569551,0.9090909090909091,1,1
10,29,1100029,0.01,2207,2207,1.0,0.9900990099009901,1,1
10,29,1100029,0.001,2207,2207,1.0,0.9990009990009991,1,1
10,27,1100027,0.5,2644,2586,0.9780635400907716,0.6666666666666666,1,1
10,27,1100027,0.1,2644,2630,0.9947049924357034,0.9090909090909091,1,1
10,27,1100027,0.01,2644,2644,1.0,0.9900990099009901,1,1
10,27,1100027,0.001,2644,2644,1.0,0.9990009990009991,1,1
10,28,1100028,0.5,2464,2432,0.987012987012987,0.6666666666666666,1,1
10,28,1100028,0.1,2464,2462,0.9991883116883117,0.9090909090909091,1,1
10,28,1100028,0.01,2464,2464,1.0,0.9900990099009901,1,1
10,28,1100028,0.001,2464,2464,1.0,0.9990009990009991,1,1
15,2,1150002,0.5,3669,3616,0.9855546470427909,0.6666666666666666,1,1
15,2,1150002,0.1,3669,3658,0.9970019078768056,0.9090909090909091,1,1
15,2,1150002,0.01,3669,3668,0.9997274461706187,0.9900990099009901,1,1
15,2,1150002,0.001,3669,3669,1.0,0.9990009990009991,1,1
15,1,1150001,0.5,3900,3829,0.9817948717948718,0.6666666666666666,1,1
15,1,1150001,0.1,3900,3892,0.997948717948718,0.9090909090909091,1,1
15,1,1150001,0.01,3900,3899,0.9997435897435898,0.9900990099009901,1,1
15,1,1150001,0.001,3900,3900,1.0,0.9990009990009991,1,1
15,3,1150003,0.5,4123,4060,0.9847198641765704,0.6666666666666666,1,1
15,3,1150003,0.1,4123,4121,0.9995149163230658,0.9090909090909091,1,1
15,3,1150003,0.01,4123,4123,1.0,0.9900990099009901,1,1
15,3,1150003,0.001,4123,4123,1.0,0.9990009990009991,1,1
15,4,1150004,0.5,3331,3292,0.9882918042629841,0.6666666666666666,1,1
15,4,1150004,0.1,3331,3331,1.0,0.9090909090909091,1,1
15,4,1150004,0.01,3331,3331,1.0,0.9900990099009901,1,1
15,4,1150004,0.001,3331,3331,1.0,0.9990009990009991,1,1
15,6,1150006,0.5,3018,2972,0.9847581179589132,0.6666666666666666,1,1
15,6,1150006,0.1,3018,3005,0.9956925115970842,0.9090909090909091,1,1
15,6,1150006,0.01,3018,3018,1.0,0.9900990099009901,1,1
15,6,1150006,0.001,3018,3018,1.0,0.9990009990009991,1,1
15,0,1150000,0.5,3816,3783,0.9913522012578616,0.6666666666666666,1,1
15,0,1150000,0.1,3816,3809,0.9981656184486373,0.9090909090909091,1,1
15,0,1150000,0.01,3816,3815,0.9997379454926625,0.9900990099009901,1,1
15,0,1150000,0.001,3816,3816,1.0,0.9990009990009991,1,1
15,7,1150007,0.5,3835,3835,1.0,0.6666666666666666,1,1
15,7,1150007,0.1,3835,3832,0.9992177314211212,0.9090909090909091,1,1
15,7,1150007,0.01,3835,3835,1.0,0.9900990099009901,1,1
15,7,1150007,0.001,3835,3835,1.0,0.9990009990009991,1,1
15,5,1150005,0.5,3405,3398,0.9979441997063142,0.6666666666666666,1,1
15,5,1150005,0.1,3405,3392,0.9961820851688693,0.9090909090909091,1,1
15,5,1150005,0.01,3405,3404,0.9997063142437592,0.9900990099009901,1,1
15,5,1150005,0.001,3405,3405,1.0,0.9990009990009991,1,1
15,8,1150008,0.5,3615,3563,0.9856154910096819,0.6666666666666666,1,1
15,8,1150008,0.1,3615,3603,0.9966804979253112,0.9090909090909091,1,1
15,8,1150008,0.01,3615,3614,0.9997233748271093,0.9900990099009901,1,1
15,8,1150008,0.001,3615,3615,1.0,0.9990009990009991,1,1
15,10,1150010,0.5,3369,3323,0.9863460967646186,0.6666666666666666,1,1
15,10,1150010,0.1,3369,3363,0.9982190560997328,0.9090909090909091,1,1
15,10,1150010,0.01,3369,3369,1.0,0.9900990099009901,1,1
15,10,1150010,0.001,3369,3369,1.0,0.9990009990009991,1,1
15,9,1150009,0.5,3534,3468,0.9813242784380306,0.6666666666666666,1,1
15,9,1150009,0.1,3534,3534,1.0,0.9090909090909091,1,1
15,9,1150009,0.01,3534,3534,1.0,0.9900990099009901,1,1
15,9,1150009,0.001,3534,3534,1.0,0.9990009990009991,1,1
15,12,1150012,0.5,4524,4455,0.9847480106100795,0.6666666666666666,1,1
15,12,1150012,0.1,4524,4508,0.9964633068081344,0.9090909090909091,1,1
15,12,1150012,0.01,4524,4524,1.0,0.9900990099009901,1,1
15,12,1150012,0.001,4524,4524,1.0,0.9990009990009991,1,1
15,11,1150011,0.5,3961,3896,0.983590002524615,0.6666666666666666,1,1
15,11,1150011,0.1,3961,3945,0.9959606160060591,0.9090909090909091,1,1
15,11,1150011,0.01,3961,3961,1.0,0.9900990099009901,1,1
15,11,1150011,0.001,3961,3961,1.0,0.9990009990009991,1,1
15,13,1150013,0.5,3899,3848,0.9869197230058989,0.6666666666666666,1,1
15,13,1150013,0.1,3899,3882,0.995639907668633,0.9090909090909091,1,1
15,13,1150013,0.01,3899,3898,0.9997435239805078,0.9900990099009901,1,1
15,13,1150013,0.001,3899,3899,1.0,0.9990009990009991,1,1
15,14,1150014,0.5,3263,3234,0.9911124731841864,0.6666666666666666,1,1
15,14,1150014,0.1,3263,3254,0.9972418020226785,0.9090909090909091,1,1
15,14,1150014,0.01,3263,3262,0.9996935335580754,0.9900990099009901,1,1
15,14,1150014,0.001,3263,3263,1.0,0.9990009990009991,1,1
15,15,1150015,0.5,3924,3892,0.9918450560652395,0.6666666666666666,1,1
15,15,1150015,0.1,3924,3920,0.9989806320081549,0.9090909090909091,1,1
15,15,1150015,0.01,3924,3924,1.0,0.9900990099009901,1,1
15,15,1150015,0.001,3924,3924,1.0,0.9990009990009991,1,1
15,16,1150016,0.5,3843,3768,0.9804839968774395,0.6666666666666666,1,1
15,16,1150016,0.1,3843,3842,0.9997397866250325,0.9090909090909091,1,1
15,16,1150016,0.01,3843,3842,0.9997397866250325,0.9900990099009901,1,1
15,16,1150016,0.001,3843,3843,1.0,0.9990009990009991,1,1
15,17,1150017,0.5,4156,4065,0.9781039461020212,0.6666666666666666,1,1
15,17,1150017,0.1,4156,4143,0.9968719923002888,0.9090909090909091,1,1
15,17,1150017,0.01,4156,4156,1.0,0.9900990099009901,1,1
15,17,1150017,0.001,4156,4156,1.0,0.9990009990009991,1,1
15,18,1150018,0.5,4692,4665,0.9942455242966752,0.6666666666666666,1,1
15,18,1150018,0.1,4692,4688,0.9991474850809889,0.9090909090909091,1,1
15,18,1150018,0.01,4692,4691,0.9997868712702472,0.9900990099009901,1,1
15,18,1150018,0.001,4692,4692,1.0,0.9990009990009991,1,1
15,20,1150020,0.5,3461,3395,0.9809303669459694,0.6666666666666666,1,1
15,20,1150020,0.1,3461,3459,0.9994221323316961,0.9090909090909091,1,1
15,20,1150020,0.01,3461,3460,0.999711066165848,0.9900990099009901,1,1
15,20,1150020,0.001,3461,3461,1.0,0.9990009990009991,1,1
15,21,1150021,0.5,4770,4746,0.9949685534591195,0.6666666666666666,1,1
15,21,1150021,0.1,4770,4765,0.9989517819706499,0.9090909090909091,1,1
15,21,1150021,0.01,4770,4770,1.0,0.9900990099009901,1,1
15,21,1150021,0.001,4770,4770,1.0,0.9990009990009991,1,1
15,19,1150019,0.5,3470,3441,0.9916426512968299,0.6666666666666666,1,1
15,19,1150019,0.1,3470,3466,0.9988472622478386,0.9090909090909091,1,1
15,19,1150019,0.01,3470,3470,1.0,0.9900990099009901,1,1
15,19,1150019,0.001,3470,3470,1.0,0.9990009990009991,1,1
15,23,1150023,0.5,4039,3995,0.9891062144095073,0.6666666666666666,1,1
15,23,1150023,0.1,4039,4024,0.9962862094577866,0.9090909090909091,1,1
15,23,1150023,0.01,4039,4038,0.9997524139638524,0.9900990099009901,1,1
15,23,1150023,0.001,4039,4039,1.0,0.9990009990009991,1,1
15,22,1150022,0.5,3412,3391,0.9938452520515827,0.6666666666666666,1,1
15,22,1150022,0.1,3412,3409,0.9991207502930832,0.9090909090909091,1,1
15,22,1150022,0.01,3412,3412,1.0,0.9900990099009901,1,1
15,22,1150022,0.001,3412,3412,1.0,0.9990009990009991,1,1
15,24,1150024,0.5,3344,3316,0.9916267942583732,0.6666666666666666,1,1
15,24,1150024,0.1,3344,3343,0.999700956937799,0.9090909090909091,1,1
15,24,1150024,0.01,3344,3344,1.0,0.9900990099009901,1,1
15,24,1150024,0.001,3344,3344,1.0,0.9990009990009991,1,1
15,25,1150025,0.5,3684,3673,0.997014115092291,0.6666666666666666,1,1
15,25,1150025,0.1,3684,3672,0.996742671009772,0.9090909090909091,1,1
15,25,1150025,0.01,3684,3684,1.0,0.9900990099009901,1,1
15,25,1150025,0.001,3684,3684,1.0,0.9990009990009991,1,1
15,27,1150027,0.5,4088,4007,0.9801859099804305,0.6666666666666666,1,1
15,27,1150027,0.1,4088,4086,0.9995107632093934,0.9090909090909091,1,1
15,27,1150027,0.01,4088,4088,1.0,0.9900990099009901,1,1
15,27,1150027,0.001,4088,4088,1.0,0.9990009990009991,1,1
15,26,1150026,0.5,4184,4156,0.9933078393881453,0.6666666666666666,1,1
15,26,1150026,0.1,4184,4175,0.997848948374761,0.9090909090909091,1,1
15,26,1150026,0.01,4184,4183,0.9997609942638623,0.9900990099009901,1,1
15,26,1150026,0.001,4184,4184,1.0,0.9990009990009991,1,1
15,28,1150028,0.5,3672,3644,0.9923747276688453,0.6666666666666666,1,1
15,28,1150028,0.1,3672,3671,0.9997276688453159,0.9090909090909091,1,1
15,28,1150028,0.01,3672,3671,0.9997276688453159,0.9900990099009901,1,1
15,28,1150028,0.001,3672,3672,1.0,0.9990009990009991,1,1
15,29,1150029,0.5,3222,3206,0.9950341402855369,0.6666666666666666,1,1
15,29,1150029,0.1,3222,3207,0.9953445065176909,0.9090909090909091,1,1
15,29,1150029,0.01,3222,3221,0.999689633767846,0.9900990099009901,1,1
15,29,1150029,0.001,3222,3222,1.0,0.9990009990009991,1,1
20,4,1200004,0.5,4470,4464,0.9986577181208054,0.6666666666666666,1,1
20,4,1200004,0.1,4470,4459,0.9975391498881432,0.9090909090909091,1,1
20,4,1200004,0.01,4470,4470,1.0,0.9900990099009901,1,1
20,4,1200004,0.001,4470,4470,1.0,0.9990009990009991,1,1
20,0,1200000,0.5,5855,5811,0.9924850555081127,0.6666666666666666,1,1
20,0,1200000,0.1,5855,5838,0.9970964987190436,0.9090909090909091,1,1
20,0,1200000,0.01,5855,5855,1.0,0.9900990099009901,1,1
20,0,1200000,0.001,5855,5855,1.0,0.9990009990009991,1,1
20,2,1200002,0.5,6184,6132,0.9915912031047865,0.6666666666666666,1,1
20,2,1200002,0.1,6184,6174,0.9983829236739974,0.9090909090909091,1,1
20,2,1200002,0.01,6184,6183,0.9998382923673997,0.9900990099009901,1,1
20,2,1200002,0.001,6184,6184,1.0,0.9990009990009991,1,1
20,1,1200001,0.5,4301,4261,0.9906998372471518,0.6666666666666666,1,1
20,1,1200001,0.1,4301,4290,0.9974424552429667,0.9090909090909091,1,1
20,1,1200001,0.01,4301,4300,0.9997674959311788,0.9900990099009901,1,1
20,1,1200001,0.001,4301,4301,1.0,0.9990009990009991,1,1
20,5,1200005,0.5,4954,4944,0.9979814291481631,0.6666666666666666,1,1
20,5,1200005,0.1,4954,4948,0.9987888574888979,0.9090909090909091,1,1
20,5,1200005,0.01,4954,4954,1.0,0.9900990099009901,1,1
20,5,1200005,0.001,4954,4954,1.0,0.9990009990009991,1,1
20,3,1200003,0.5,4143,4076,0.9838281438571084,0.6666666666666666,1,1
20,3,1200003,0.1,4143,4132,0.9973449191407193,0.9090909090909091,1,1
20,3,1200003,0.01,4143,4142,0.9997586290127927,0.9900990099009901,1,1
20,3,1200003,0.001,4143,4143,1.0,0.9990009990009991,1,1
20,7,1200007,0.5,5403,5386,0.9968535998519341,0.6666666666666666,1,1
20,7,1200007,0.1,5403,5382,0.9961132704053304,0.9090909090909091,1,1
20,7,1200007,0.01,5403,5402,0.9998149176383491,0.9900990099009901,1,1
20,7,1200007,0.001,5403,5403,1.0,0.9990009990009991,1,1
20,6,1200006,0.5,5348,5281,0.987471952131638,0.6666666666666666,1,1
20,6,1200006,0.1,5348,5347,0.99981301421092,0.9090909090909091,1,1
20,6,1200006,0.01,5348,5348,1.0,0.9900990099009901,1,1
20,6,1200006,0.001,5348,5348,1.0,0.9990009990009991,1,1
20,13,1200013,0.5,5597,5569,0.9949973199928533,0.6666666666666666,1,1
20,13,1200013,0.1,5597,5591,0.9989279971413257,0.9090909090909091,1,1
20,13,1200013,0.01,5597,5596,0.9998213328568876,0.9900990099009901,1,1
20,13,1200013,0.001,5597,5597,1.0,0.9990009990009991,1,1
20,8,1200008,0.5,3996,3942,0.9864864864864865,0.6666666666666666,1,1
20,8,1200008,0.1,3996,3988,0.997997997997998,0.9090909090909091,1,1
20,8,1200008,0.01,3996,3996,1.0,0.9900990099009901,1,1
20,8,1200008,0.001,3996,3996,1.0,0.9990009990009991,1,1
20,12,1200012,0.5,5221,5158,0.9879333461022792,0.6666666666666666,1,1
20,12,1200012,0.1,5221,5207,0.997318521356062,0.9090909090909091,1,1
20,12,1200012,0.01,5221,5220,0.9998084658111472,0.9900990099009901,1,1
20,12,1200012,0.001,5221,5221,1.0,0.9990009990009991,1,1
20,9,1200009,0.5,5821,5801,0.9965641642329497,0.6666666666666666,1,1
20,9,1200009,0.1,5821,5807,0.9975949149630647,0.9090909090909091,1,1
20,9,1200009,0.01,5821,5821,1.0,0.9900990099009901,1,1
20,9,1200009,0.001,5821,5821,1.0,0.9990009990009991,1,1
20,10,1200010,0.5,4496,4435,0.986432384341637,0.6666666666666666,1,1
20,10,1200010,0.1,4496,4493,0.9993327402135231,0.9090909090909091,1,1
20,10,1200010,0.01,4496,4496,1.0,0.9900990099009901,1,1
20,10,1200010,0.001,4496,4496,1.0,0.9990009990009991,1,1
20,11,1200011,0.5,5236,5236,1.0,0.6666666666666666,1,1
20,11,1200011,0.1,5236,5234,0.9996180290297937,0.9090909090909091,1,1
20,11,1200011,0.01,5236,5236,1.0,0.9900990099009901,1,1
20,11,1200011,0.001,5236,5236,1.0,0.9990009990009991,1,1
20,14,1200014,0.5,5133,5098,0.9931813754139879,0.6666666666666666,1,1
20,14,1200014,0.1,5133,5122,0.9978570037015391,0.9090909090909091,1,1
20,14,1200014,0.01,5133,5132,0.9998051821546854,0.9900990099009901,1,1
20,14,1200014,0.001,5133,5133,1.0,0.9990009990009991,1,1
20,15,1200015,0.5,5362,5353,0.9983215218202164,0.6666666666666666,1,1
20,15,1200015,0.1,5362,5345,0.9968295412159642,0.9090909090909091,1,1
20,15,1200015,0.01,5362,5362,1.0,0.9900990099009901,1,1
20,15,1200015,0.001,5362,5362,1.0,0.9990009990009991,1,1
20,18,1200018,0.5,5795,5729,0.9886108714408973,0.6666666666666666,1,1
20,18,1200018,0.1,5795,5788,0.9987920621225194,0.9090909090909091,1,1
20,18,1200018,0.01,5795,5794,0.9998274374460742,0.9900990099009901,1,1
20,18,1200018,0.001,5795,5795,1.0,0.9990009990009991,1,1
20,21,1200021,0.5,5153,5081,0.9860275567630506,0.6666666666666666,1,1
20,21,1200021,0.1,5153,5148,0.9990296914418785,0.9090909090909091,1,1
20,21,1200021,0.01,5153,5152,0.9998059382883757,0.9900990099009901,1,1
20,21,1200021,0.001,5153,5153,1.0,0.9990009990009991,1,1
20,20,1200020,0.5,5198,5175,0.995575221238938,0.6666666666666666,1,1
20,20,1200020,0.1,5198,5192,0.9988457098884186,0.9090909090909091,1,1
20,20,1200020,0.01,5198,5198,1.0,0.9900990099009901,1,1
20,20,1200020,0.001,5198,5198,1.0,0.9990009990009991,1,1
20,23,1200023,0.5,4738,4716,0.9953566905867455,0.6666666666666666,1,1
20,23,1200023,0.1,4738,4737,0.9997889404812157,0.9090909090909091,1,1
20,23,1200023,0.01,4738,4738,1.0,0.9900990099009901,1,1
20,23,1200023,0.001,4738,4738,1.0,0.9990009990009991,1,1
20,16,1200016,0.5,4964,4902,0.9875100725221595,0.6666666666666666,1,1
20,16,1200016,0.1,4964,4951,0.9973811442385173,0.9090909090909091,1,1
20,16,1200016,0.01,4964,4964,1.0,0.9900990099009901,1,1
20,16,1200016,0.001,4964,4964,1.0,0.9990009990009991,1,1
20,17,1200017,0.5,4724,4656,0.9856054191363252,0.6666666666666666,1,1
20,17,1200017,0.1,4724,4724,1.0,0.9090909090909091,1,1
20,17,1200017,0.01,4724,4724,1.0,0.9900990099009901,1,1
20,17,1200017,0.001,4724,4724,1.0,0.9990009990009991,1,1
20,19,1200019,0.5,5363,5357,0.9988812231959724,0.6666666666666666,1,1
20,19,1200019,0.1,5363,5348,0.997203057989931,0.9090909090909091,1,1
20,19,1200019,0.01,5363,5362,0.9998135371993288,0.9900990099009901,1,1
20,19,1200019,0.001,5363,5363,1.0,0.9990009990009991,1,1
20,22,1200022,0.5,6704,6688,0.9976133651551312,0.6666666666666666,1,1
20,22,1200022,0.1,6704,6703,0.9998508353221957,0.9090909090909091,1,1
20,22,1200022,0.01,6704,6704,1.0,0.9900990099009901,1,1
20,22,1200022,0.001,6704,6704,1.0,0.9990009990009991,1,1
20,25,1200025,0.5,4185,4160,0.994026284348865,0.6666666666666666,1,1
20,25,1200025,0.1,4185,4176,0.9978494623655914,0.9090909090909091,1,1
20,25,1200025,0.01,4185,4184,0.9997610513739545,0.9900990099009901,1,1
20,25,1200025,0.001,4185,4185,1.0,0.9990009990009991,1,1
20,27,1200027,0.5,5369,5309,0.9888247345874465,0.6666666666666666,1,1
20,27,1200027,0.1,5369,5369,1.0,0.9090909090909091,1,1
20,27,1200027,0.01,5369,5369,1.0,0.9900990099009901,1,1
20,27,1200027,0.001,5369,5369,1.0,0.9990009990009991,1,1
20,29,1200029,0.5,5107,5091,0.9968670452320345,0.6666666666666666,1,1
20,29,1200029,0.1,5107,5103,0.9992167613080086,0.9090909090909091,1,1
20,29,1200029,0.01,5107,5107,1.0,0.9900990099009901,1,1
20,29,1200029,0.001,5107,5107,1.0,0.9990009990009991,1,1
20,28,1200028,0.5,4662,4626,0.9922779922779923,0.6666666666666666,1,1
20,28,1200028,0.1,4662,4649,0.9972114972114973,0.9090909090909091,1,1
20,28,1200028,0.01,4662,4662,1.0,0.9900990099009901,1,1
20,28,1200028,0.001,4662,4662,1.0,0.9990009990009991,1,1
20,26,1200026,0.5,4258,4255,0.9992954438703616,0.6666666666666666,1,1
20,26,1200026,0.1,4258,4258,1.0,0.9090909090909091,1,1
20,26,1200026,0.01,4258,4258,1.0,0.9900990099009901,1,1
20,26,1200026,0.001,4258,4258,1.0,0.9990009990009991,1,1
20,24,1200024,0.5,3945,3941,0.9989860583016477,0.6666666666666666,1,1
20,24,1200024,0.1,3945,3941,0.9989860583016477,0.9090909090909091,1,1
20,24,1200024,0.01,3945,3945,1.0,0.9900990099009901,1,1
20,24,1200024,0.001,3945,3945,1.0,0.9990009990009991,1,1
25,7,1250007,0.5,5806,5711,0.9836376162590423,0.6666666666666666,1,1
25,7,1250007,0.1,5806,5797,0.9984498794350671,0.9090909090909091,1,1
25,7,1250007,0.01,5806,5806,1.0,0.9900990099009901,1,1
25,7,1250007,0.001,5806,5806,1.0,0.9990009990009991,1,1
25,5,1250005,0.5,6044,5983,0.9899073461283918,0.6666666666666666,1,1
25,5,1250005,0.1,6044,6035,0.9985109199205824,0.9090909090909091,1,1
25,5,1250005,0.01,6044,6044,1.0,0.9900990099009901,1,1
25,5,1250005,0.001,6044,6044,1.0,0.9990009990009991,1,1
25,1,1250001,0.5,7363,7313,0.9932092896917017,0.6666666666666666,1,1
25,1,1250001,0.1,7363,7361,0.999728371587668,0.9090909090909091,1,1
25,1,1250001,0.01,7363,7362,0.9998641857938341,0.9900990099009901,1,1
25,1,1250001,0.001,7363,7363,1.0,0.9990009990009991,1,1
25,4,1250004,0.5,6033,6013,0.9966848997182165,0.6666666666666666,1,1
25,4,1250004,0.1,6033,6021,0.9980109398309299,0.9090909090909091,1,1
25,4,1250004,0.01,6033,6032,0.9998342449859108,0.9900990099009901,1,1
25,4,1250004,0.001,6033,6033,1.0,0.9990009990009991,1,1
25,0,1250000,0.5,5592,5534,0.9896280400572246,0.6666666666666666,1,1
25,0,1250000,0.1,5592,5592,1.0,0.9090909090909091,1,1
25,0,1250000,0.01,5592,5592,1.0,0.9900990099009901,1,1
25,0,1250000,0.001,5592,5592,1.0,0.9990009990009991,1,1
25,2,1250002,0.5,6009,5999,0.99833582958895,0.6666666666666666,1,1
25,2,1250002,0.1,6009,6001,0.9986686636711599,0.9090909090909091,1,1
25,2,1250002,0.01,6009,6008,0.999833582958895,0.9900990099009901,1,1
25,2,1250002,0.001,6009,6009,1.0,0.9990009990009991,1,1
25,6,1250006,0.5,6615,6556,0.9910808767951625,0.6666666666666666,1,1
25,6,1250006,0.1,6615,6602,0.9980347694633409,0.9090909090909091,1,1
25,6,1250006,0.01,6615,6614,0.999848828420257,0.9900990099009901,1,1
25,6,1250006,0.001,6615,6615,1.0,0.9990009990009991,1,1
25,3,1250003,0.5,6263,6240,0.9963276385118952,0.6666666666666666,1,1
25,3,1250003,0.1,6263,6257,0.999041992655277,0.9090909090909091,1,1
25,3,1250003,0.01,6263,6262,0.9998403321092129,0.9900990099009901,1,1
25,3,1250003,0.001,6263,6263,1.0,0.9990009990009991,1,1
25,11,1250011,0.5,6118,6107,0.9982020268061458,0.6666666666666666,1,1
25,11,1250011,0.1,6118,6118,1.0,0.9090909090909091,1,1
25,11,1250011,0.01,6118,6118,1.0,0.9900990099009901,1,1
25,11,1250011,0.001,6118,6118,1.0,0.9990009990009991,1,1
25,8,1250008,0.5,6984,6923,0.9912657502863689,0.6666666666666666,1,1
25,8,1250008,0.1,6984,6983,0.9998568155784651,0.9090909090909091,1,1
25,8,1250008,0.01,6984,6984,1.0,0.9900990099009901,1,1
25,8,1250008,0.001,6984,6984,1.0,0.9990009990009991,1,1
25,9,1250009,0.5,7439,7396,0.9942196531791907,0.6666666666666666,1,1
25,9,1250009,0.1,7439,7433,0.9991934399784917,0.9090909090909091,1,1
25,9,1250009,0.01,7439,7439,1.0,0.9900990099009901,1,1
25,9,1250009,0.001,7439,7439,1.0,0.9990009990009991,1,1
25,15,1250015,0.5,6341,6259,0.9870682857593439,0.6666666666666666,1,1
25,15,1250015,0.1,6341,6333,0.998738369342375,0.9090909090909091,1,1
25,15,1250015,0.01,6341,6341,1.0,0.9900990099009901,1,1
25,15,1250015,0.001,6341,6341,1.0,0.9990009990009991,1,1
25,10,1250010,0.5,5838,5818,0.9965741692360397,0.6666666666666666,1,1
25,10,1250010,0.1,5838,5836,0.999657416923604,0.9090909090909091,1,1
25,10,1250010,0.01,5838,5838,1.0,0.9900990099009901,1,1
25,10,1250010,0.001,5838,5838,1.0,0.9990009990009991,1,1
25,13,1250013,0.5,5281,5251,0.9943192577163416,0.6666666666666666,1,1
25,13,1250013,0.1,5281,5275,0.9988638515432683,0.9090909090909091,1,1
25,13,1250013,0.01,5281,5280,0.999810641923878,0.9900990099009901,1,1
25,13,1250013,0.001,5281,5281,1.0,0.9990009990009991,1,1
25,12,1250012,0.5,7371,7366,0.9993216659883326,0.6666666666666666,1,1
25,12,1250012,0.1,7371,7364,0.9990503323836657,0.9090909090909091,1,1
25,12,1250012,0.01,7371,7370,0.9998643331976665,0.9900990099009901,1,1
25,12,1250012,0.001,7371,7371,1.0,0.9990009990009991,1,1
25,14,1250014,0.5,7464,7437,0.9963826366559485,0.6666666666666666,1,1
25,14,1250014,0.1,7464,7456,0.9989281886387996,0.9090909090909091,1,1
25,14,1250014,0.01,7464,7464,1.0,0.9900990099009901,1,1
25,14,1250014,0.001,7464,7464,1.0,0.9990009990009991,1,1
25,16,1250016,0.5,6270,6205,0.9896331738437002,0.6666666666666666,1,1
25,16,1250016,0.1,6270,6259,0.9982456140350877,0.9090909090909091,1,1
25,16,1250016,0.01,6270,6270,1.0,0.9900990099009901,1,1
25,16,1250016,0.001,6270,6270,1.0,0.9990009990009991,1,1
25,18,1250018,0.5,5984,5961,0.9961564171122995,0.6666666666666666,1,1
25,18,1250018,0.1,5984,5975,0.9984959893048129,0.9090909090909091,1,1
25,18,1250018,0.01,5984,5984,1.0,0.9900990099009901,1,1
25,18,1250018,0.001,5984,5984,1.0,0.9990009990009991,1,1
25,17,1250017,0.5,6956,6894,0.9910868315123634,0.6666666666666666,1,1
25,17,1250017,0.1,6956,6950,0.9991374353076481,0.9090909090909091,1,1
25,17,1250017,0.01,6956,6956,1.0,0.9900990099009901,1,1
25,17,1250017,0.001,6956,6956,1.0,0.9990009990009991,1,1
25,20,1250020,0.5,5535,5488,0.9915085817524842,0.6666666666666666,1,1
25,20,1250020,0.1,5535,5526,0.9983739837398374,0.9090909090909091,1,1
25,20,1250020,0.01,5535,5534,0.9998193315266486,0.9900990099009901,1,1
25,20,1250020,0.001,5535,5535,1.0,0.9990009990009991,1,1
25,19,1250019,0.5,5587,5533,0.9903347055664936,0.6666666666666666,1,1
25,19,1250019,0.1,5587,5578,0.9983891175944156,0.9090909090909091,1,1
25,19,1250019,0.01,5587,5586,0.9998210130660462,0.9900990099009901,1,1
25,19,1250019,0.001,5587,5587,1.0,0.9990009990009991,1,1
25,22,1250022,0.5,7821,7740,0.9896432681242808,0.6666666666666666,1,1
25,22,1250022,0.1,7821,7805,0.9979542258023271,0.9090909090909091,1,1
25,22,1250022,0.01,7821,7820,0.9998721391126455,0.9900990099009901,1,1
25,22,1250022,0.001,7821,7821,1.0,0.9990009990009991,1,1
25,21,1250021,0.5,5893,5835,0.9901578143560156,0.6666666666666666,1,1
25,21,1250021,0.1,5893,5893,1.0,0.9090909090909091,1,1
25,21,1250021,0.01,5893,5892,0.9998303071440693,0.9900990099009901,1,1
25,21,1250021,0.001,5893,5893,1.0,0.9990009990009991,1,1
25,23,1250023,0.5,5857,5843,0.9976096977975073,0.6666666666666666,1,1
25,23,1250023,0.1,5857,5849,0.998634113027147,0.9090909090909091,1,1
25,23,1250023,0.01,5857,5856,0.9998292641283933,0.9900990099009901,1,1
25,23,1250023,0.001,5857,5857,1.0,0.9990009990009991,1,1
25,24,1250024,0.5,6865,6814,0.992571012381646,0.6666666666666666,1,1
25,24,1250024,0.1,6865,6864,0.9998543335761108,0.9090909090909091,1,1
25,24,1250024,0.01,6865,6864,0.9998543335761108,0.9900990099009901,1,1
25,24,1250024,0.001,6865,6865,1.0,0.9990009990009991,1,1
25,27,1250027,0.5,6687,6601,0.987139225362644,0.6666666666666666,1,1
25,27,1250027,0.1,6687,6671,0.9976072977418873,0.9090909090909091,1,1
25,27,1250027,0.01,6687,6686,0.9998504561088679,0.9900990099009901,1,1
25,27,1250027,0.001,6687,6687,1.0,0.9990009990009991,1,1
25,26,1250026,0.5,6987,6982,0.9992843852869615,0.6666666666666666,1,1
25,26,1250026,0.1,6987,6974,0.9981394017460999,0.9090909090909091,1,1
25,26,1250026,0.01,6987,6987,1.0,0.9900990099009901,1,1
25,26,1250026,0.001,6987,6987,1.0,0.9990009990009991,1,1
25,25,1250025,0.5,6857,6829,0.9959165815954499,0.6666666666666666,1,1
25,25,1250025,0.1,6857,6850,0.9989791453988625,0.9090909090909091,1,1
25,25,1250025,0.01,6857,6856,0.999854163628409,0.9900990099009901,1,1
25,25,1250025,0.001,6857,6857,1.0,0.9990009990009991,1,1
25,28,1250028,0.5,6627,6617,0.9984910215783914,0.6666666666666666,1,1
25,28,1250028,0.1,6627,6627,1.0,0.9090909090909091,1,1
25,28,1250028,0.01,6627,6626,0.9998491021578392,0.9900990099009901,1,1
25,28,1250028,0.001,6627,6627,1.0,0.9990009990009991,1,1
25,29,1250029,0.5,6395,6362,0.9948397185301017,0.6666666666666666,1,1
25,29,1250029,0.1,6395,6383,0.998123534010946,0.9090909090909091,1,1
25,29,1250029,0.01,6395,6394,0.9998436278342455,0.9900990099009901,1,1
25,29,1250029,0.001,6395,6395,1.0,0.9990009990009991,1,1
30,2,1300002,0.5,6711,6663,0.9928475637013858,0.6666666666666666,1,1
30,2,1300002,0.1,6711,6706,0.9992549545522277,0.9090909090909091,1,1
30,2,1300002,0.01,6711,6710,0.9998509909104455,0.9900990099009901,1,1
30,2,1300002,0.001,6711,6711,1.0,0.9990009990009991,1,1
30,5,1300005,0.5,7601,7580,0.9972372056308381,0.6666666666666666,1,1
30,5,1300005,0.1,7601,7595,0.9992106301802395,0.9090909090909091,1,1
30,5,1300005,0.01,7601,7600,0.9998684383633732,0.9900990099009901,1,1
30,5,1300005,0.001,7601,7601,1.0,0.9990009990009991,1,1
30,3,1300003,0.5,8177,8136,0.9949859361624067,0.6666666666666666,1,1
30,3,1300003,0.1,8177,8176,0.9998777057600587,0.9090909090909091,1,1
30,3,1300003,0.01,8177,8176,0.9998777057600587,0.9900990099009901,1,1
30,3,1300003,0.001,8177,8177,1.0,0.9990009990009991,1,1
30,6,1300006,0.5,6856,6807,0.992852975495916,0.6666666666666666,1,1
30,6,1300006,0.1,6856,6853,0.9995624270711785,0.9090909090909091,1,1
30,6,1300006,0.01,6856,6856,1.0,0.9900990099009901,1,1
30,6,1300006,0.001,6856,6856,1.0,0.9990009990009991,1,1
30,4,1300004,0.5,5910,5901,0.9984771573604061,0.6666666666666666,1,1
30,4,1300004,0.1,5910,5910,1.0,0.9090909090909091,1,1
30,4,1300004,0.01,5910,5910,1.0,0.9900990099009901,1,1
30,4,1300004,0.001,5910,5910,1.0,0.9990009990009991,1,1
30,0,1300000,0.5,8017,7949,0.991518024198578,0.6666666666666666,1,1
30,0,1300000,0.1,8017,8007,0.9987526506174379,0.9090909090909091,1,1
30,0,1300000,0.01,8017,8016,0.9998752650617438,0.9900990099009901,1,1
30,0,1300000,0.001,8017,8017,1.0,0.9990009990009991,1,1
30,1,1300001,0.5,7561,7524,0.9951064673984923,0.6666666666666666,1,1
30,1,1300001,0.1,7561,7556,0.9993387118106071,0.9090909090909091,1,1
30,1,1300001,0.01,7561,7560,0.9998677423621214,0.9900990099009901,1,1
30,1,1300001,0.001,7561,7561,1.0,0.9990009990009991,1,1
30,7,1300007,0.5,6890,6887,0.9995645863570392,0.6666666666666666,1,1
30,7,1300007,0.1,6890,6882,0.9988388969521045,0.9090909090909091,1,1
30,7,1300007,0.01,6890,6890,1.0,0.9900990099009901,1,1
30,7,1300007,0.001,6890,6890,1.0,0.9990009990009991,1,1
30,8,1300008,0.5,7227,7215,0.9983395599833956,0.6666666666666666,1,1
30,8,1300008,0.1,7227,7221,0.9991697799916978,0.9090909090909091,1,1
30,8,1300008,0.01,7227,7226,0.9998616299986163,0.9900990099009901,1,1
30,8,1300008,0.001,7227,7227,1.0,0.9990009990009991,1,1
30,10,1300010,0.5,7820,7793,0.9965473145780052,0.6666666666666666,1,1
30,10,1300010,0.1,7820,7807,0.9983375959079284,0.9090909090909091,1,1
30,10,1300010,0.01,7820,7820,1.0,0.9900990099009901,1,1
30,10,1300010,0.001,7820,7820,1.0,0.9990009990009991,1,1
30,9,1300009,0.5,7984,7926,0.9927354709418837,0.6666666666666666,1,1
30,9,1300009,0.1,7984,7984,1.0,0.9090909090909091,1,1
30,9,1300009,0.01,7984,7984,1.0,0.9900990099009901,1,1
30,9,1300009,0.001,7984,7984,1.0,0.9990009990009991,1,1
30,13,1300013,0.5,8441,8439,0.9997630612486672,0.6666666666666666,1,1
30,13,1300013,0.1,8441,8429,0.9985783674920033,0.9090909090909091,1,1
30,13,1300013,0.01,8441,8440,0.9998815306243336,0.9900990099009901,1,1
30,13,1300013,0.001,8441,8441,1.0,0.9990009990009991,1,1
30,12,1300012,0.5,7153,7119,0.9952467496155459,0.6666666666666666,1,1
30,12,1300012,0.1,7153,7152,0.9998601985181043,0.9090909090909091,1,1
30,12,1300012,0.01,7153,7152,0.9998601985181043,0.9900990099009901,1,1
30,12,1300012,0.001,7153,7153,1.0,0.9990009990009991,1,1
30,11,1300011,0.5,8024,8003,0.997382851445663,0.6666666666666666,1,1
30,11,1300011,0.1,8024,8011,0.9983798604187437,0.9090909090909091,1,1
30,11,1300011,0.01,8024,8024,1.0,0.9900990099009901,1,1
30,11,1300011,0.001,8024,8024,1.0,0.9990009990009991,1,1
30,15,1300015,0.5,6651,6615,0.9945872801082544,0.6666666666666666,1,1
30,15,1300015,0.1,6651,6644,0.9989475266877161,0.9090909090909091,1,1
30,15,1300015,0.01,6651,6650,0.9998496466696737,0.9900990099009901,1,1
30,15,1300015,0.001,6651,6651,1.0,0.9990009990009991,1,1
30,14,1300014,0.5,8146,8103,0.9947213356248465,0.6666666666666666,1,1
30,14,1300014,0.1,8146,8131,0.9981586054505278,0.9090909090909091,1,1
30,14,1300014,0.01,8146,8146,1.0,0.9900990099009901,1,1
30,14,1300014,0.001,8146,8146,1.0,0.9990009990009991,1,1
30,16,1300016,0.5,7635,7579,0.9926653569089718,0.6666666666666666,1,1
30,16,1300016,0.1,7635,7625,0.9986902423051736,0.9090909090909091,1,1
30,16,1300016,0.01,7635,7634,0.9998690242305174,0.9900990099009901,1,1
30,16,1300016,0.001,7635,7635,1.0,0.9990009990009991,1,1
30,18,1300018,0.5,7446,7441,0.9993284985226968,0.6666666666666666,1,1
30,18,1300018,0.1,7446,7444,0.9997313994090787,0.9090909090909091,1,1
30,18,1300018,0.01,7446,7446,1.0,0.9900990099009901,1,1
30,18,1300018,0.001,7446,7446,1.0,0.9990009990009991,1,1
30,17,1300017,0.5,5550,5541,0.9983783783783784,0.6666666666666666,1,1
30,17,1300017,0.1,5550,5549,0.9998198198198198,0.9090909090909091,1,1
30,17,1300017,0.01,5550,5550,1.0,0.9900990099009901,1,1
30,17,1300017,0.001,5550,5550,1.0,0.9990009990009991,1,1
30,20,1300020,0.5,7683,7624,0.9923207080567487,0.6666666666666666,1,1
30,20,1300020,0.1,7683,7675,0.9989587400754913,0.9090909090909091,1,1
30,20,1300020,0.01,7683,7682,0.9998698425094364,0.9900990099009901,1,1
30,20,1300020,0.001,7683,7683,1.0,0.9990009990009991,1,1
30,19,1300019,0.5,6912,6884,0.9959490740740741,0.6666666666666666,1,1
30,19,1300019,0.1,6912,6912,1.0,0.9090909090909091,1,1
30,19,1300019,0.01,6912,6912,1.0,0.9900990099009901,1,1
30,19,1300019,0.001,6912,6912,1.0,0.9990009990009991,1,1
30,21,1300021,0.5,8942,8865,0.9913889510176694,0.6666666666666666,1,1
30,21,1300021,0.1,8942,8934,0.9991053455602773,0.9090909090909091,1,1
30,21,1300021,0.01,8942,8942,1.0,0.9900990099009901,1,1
30,21,1300021,0.001,8942,8942,1.0,0.9990009990009991,1,1
30,22,1300022,0.5,8036,8024,0.9985067197610752,0.6666666666666666,1,1
30,22,1300022,0.1,8036,8032,0.9995022399203584,0.9090909090909091,1,1
30,22,1300022,0.01,8036,8036,1.0,0.9900990099009901,1,1
30,22,1300022,0.001,8036,8036,1.0,0.9990009990009991,1,1
30,23,1300023,0.5,7713,7619,0.9878127836120835,0.6666666666666666,1,1
30,23,1300023,0.1,7713,7701,0.9984441851419681,0.9090909090909091,1,1
30,23,1300023,0.01,7713,7712,0.9998703487618307,0.9900990099009901,1,1
30,23,1300023,0.001,7713,7713,1.0,0.9990009990009991,1,1
